id,disease_probability
1,0.850428217623
2,0.462308420001
3,0.464403748838
4,0.156192187089
5,0.396880948826
6,0.115492056544
7,0.531048444237
8,0.015167063761
9,-0.019284
9.fly,0.989240296914
