id,disease_probability
2,0.2158941448854483
3,0.4447036535001163
4,0.9377391398347746
8,0.7853976131548518
7,0.2588681912000409
